document_name,job_id,processing_date,account_info.account_holder,account_info.account_number,account_info.service_address,account_info.service_address_city,account_info.service_address_primary,account_info.service_address_state,account_info.service_address_zip,billing_summary.bill_date,billing_summary.due_date,billing_summary.service_end_date,billing_summary.service_start_date,billing_summary.total_amount_due,electric_charges.meter_number,electric_charges.total_electric_charges,electric_charges.usage_kwh,gas_charges.meter_number,gas_charges.total_gas_charges,gas_charges.usage_therms,provider_info.phone_number,provider_info.provider,provider_info.usage_bar_chart,provider_info.website
electric1,extract-01ky3am75gt0r8vd3jtns6tjwe,2026-07-21,RON A BAUMERT,61358805,935 FLAMING TREE WAY MONUMENT CO 80132-9306,MONUMENT,935 FLAMING TREE WAY,CO,80132,2020-05-13,2020-05-28,05-04-2020,04-06-2020,$170.00,24071,$135.89,1255,,0,0,650-745-1771,"MOUNTAIN VIEW ELECTRIC ASSOCIATION, INC.",True,www.mvea.coop
electric2,extract-01ky3am7mnd414hzmazyptfy6c,2026-07-21,EDITH AVELLA,7002365118,214 KIPP AVE APT C HASBROUCK HEIGHTS NJ 07604-1932,HASBROUCK HEIGHTS,214 KIPP AVE APT C,NJ,07604-1932,2020-06-19,2020-07-06,06-17-2020,05-19-2020,$67.09,127292249,$46.42,238,3113676,$20.67,17.806,800-436-7734,PSEG,True,pseg.com/myaccount
electric3,extract-01ky3am83jkwqjpwnj8p57qbr9,2026-07-21,MITCHELL JOHNSON,44-6011-0985-0021-7,435 W 57 ST 2H NEW YORK NY 10019-1723,NEW YORK,435 W 57 ST 2H,NY,10019-1723,2023-03-28,2023-04-07,03-27-2023,02-24-2023,$44.89,013641924,$44.89,89,,0.00,0.00,1-800-752-6633,Con Edison,True,conEd.com
electric4,extract-01ky3am8jvbrgtwj782t0jdwg8,2026-07-21,KAREN G PEREZ,9100 7883 2561,13619 TORTONA LN APT 3121 WINDERMERE FL 34786,WINDERMERE,13619 TORTONA LN APT 3121,FL,34786,2022-02-23,2022-03-16,02-21-2022,01-25-2022,$170.95,1262413,$154.26,"1,059 kWh",,0,0,800-700-8744,Duke Energy,False,duke-energy.com
electric5,extract-01ky3am91qkb1w1gtz9hpddjbs,2026-07-21,DAINETTE R. WOODS,7397 873 592 9,568 S 36TH ST SAN DIEGO CA 92113,SAN DIEGO,568 S 36TH ST,CA,92113,2020-01-17,2020-01-25,01-13-2020,12-14-2020,$22.45,,$8.47,143 kWh,,$13.98,8 Therms,877-646-5525,San Diego Gas & Electric,True,sdge.com
electric6,extract-01ky3am9jfdj1cxzt2n78zdw2j,2026-07-21,WILLIAM A VALENCIA,09931-83323,2501 W 7TH ST APT 224 HATTIESBURG MS 39401,HATTIESBURG,2501 W 7TH ST APT 224,MS,39401,,2018-11-05,10-22-2018,09-24-2018,$ 86.72,173691,$ 86.72,539,,0,0,1-800-532-1502,Mississippi Power,True,mississippipower.com
electric_A,extract-01ky3am6q5r6qdgw8zw230gzsr,2026-07-21,CARL P TERRY,7700000024,134 LAND OF LAKES CIR LEXINGTON SC 29073,LEXINGTON,134 LAND OF LAKES CIR,SC,29073,2022-10-05,2022-10-25,10-01-2022,09-01-2022,$393.00,71123288,$221.00,1025,,0,0,803-749-6400,Mid-Carolina ELECTRIC COOPERATIVE,False,www.mcecoop.com
electric_B,extract-01ky3am688fqhrfcgp3yf8qzer,2026-07-21,ERIKA J ZAPATA,96762-33381,703 RALEIGH CT APT A BIRMINGHAM AL 35209,BIRMINGHAM,703 RALEIGH CT APT A,AL,35209,,2024-07-01,06-17-2024,05-16-2024,$176.51,,$176.51,935,,0,0,1-800-245-2244,Alabama Power,True,AlabamaPower.com
electric_C,extract-01ky3abka227a0096q8d7zcw5v,2026-07-21,ARISLEIDY BAEZ NUNEZ,74 913 817 07,1146 N 31ST ST CAMDEN CITY NJ 08105-4118,CAMDEN CITY,1146 N 31ST ST,NJ,08105-4118,2025-06-11,2025-06-26,06-09-2025,05-09-2025,"$1,467.77",,0,0,,0,0,1-800-436-7734,PSEG,False,pseg.com/myaccount
